[
  {
    "id": "62389c70029036d29800ab12",
    "email": "branch_duran@heli.com",
    "username": "branch53",
    "profile": {
      "index": 0,
      "name": "Branch Duran",
      "age": "53",
      "country": "Andorra",
      "picture": "http://placehold.it/32x32/picture/branch_duran/0",
      "email": "branch_duran@heli.com",
      "phone": "+119.97732",
      "name_Helipaddy": "Allen ",
      "expertise": "professional",
      "Trip_price": "$70.17",
      "number_of_trips": 42
    },
    "trip": {
      "time_to_go": "2021-08-31T12:21:42.089Z",
      "go_to": "Blackgum",
      "flying_hours": 6,
      "number_of_passengers": 5,
      "Quality": "Good"
    }
  },
  {
    "id": "62389c70345ce60cf73a77ee",
    "email": "berger_rodriquez@heli.com",
    "username": "berger58",
    "profile": {
      "index": 1,
      "name": "Berger Rodriquez",
      "age": "58",
      "country": "Costa Rica",
      "picture": "http://placehold.it/32x32/picture/berger_rodriquez/1",
      "email": "berger_rodriquez@heli.com",
      "phone": "+55.39106",
      "name_Helipaddy": "Kennedy ",
      "expertise": "Beginner",
      "Trip_price": "$36.18",
      "number_of_trips": 6
    },
    "trip": {
      "time_to_go": "2020-08-07T21:23:10.197Z",
      "go_to": "Esmont",
      "flying_hours": 9,
      "number_of_passengers": 6,
      "Quality": "Good"
    }
  },
  {
    "id": "62389c70db09db29a1051739",
    "email": "lucile_hardy@heli.com",
    "username": "lucileinvalid date",
    "profile": {
      "index": 2,
      "name": "Lucile Hardy",
      "age": "20",
      "country": "Bahamas",
      "picture": "http://placehold.it/32x32/picture/lucile_hardy/2",
      "email": "lucile_hardy@heli.com",
      "phone": "+37.43573",
      "name_Helipaddy": "Lucinda ",
      "expertise": "professional",
      "Trip_price": "$99.11",
      "number_of_trips": 4
    },
    "trip": {
      "time_to_go": "2022-11-29T23:17:20.536Z",
      "go_to": "Volta",
      "flying_hours": 4,
      "number_of_passengers": 0,
      "Quality": "Good"
    }
  },
  {
    "id": "62389c7089fdc4cfe95df623",
    "email": "myrna_rivera@heli.com",
    "username": "myrna43",
    "profile": {
      "index": 3,
      "name": "Myrna Rivera",
      "age": "43",
      "country": "Zambia",
      "picture": "http://placehold.it/32x32/picture/myrna_rivera/3",
      "email": "myrna_rivera@heli.com",
      "phone": "+36.99989",
      "name_Helipaddy": "Earlene ",
      "expertise": "professional",
      "Trip_price": "$106.44",
      "number_of_trips": 30
    },
    "trip": {
      "time_to_go": "2022-04-06T03:26:19.495Z",
      "go_to": "Edneyville",
      "flying_hours": 2,
      "number_of_passengers": 1,
      "Quality": "Good"
    }
  },
  {
    "id": "62389c70b3d7559c54922a0d",
    "email": "wolfe_meyers@heli.com",
    "username": "wolfe59",
    "profile": {
      "index": 4,
      "name": "Wolfe Meyers",
      "age": "59",
      "country": "Cyprus",
      "picture": "http://placehold.it/32x32/picture/wolfe_meyers/4",
      "email": "wolfe_meyers@heli.com",
      "phone": "+82.81616",
      "name_Helipaddy": "Lee ",
      "expertise": "Beginner",
      "Trip_price": "$84.03",
      "number_of_trips": 17
    },
    "trip": {
      "time_to_go": "2021-11-24T10:55:19.666Z",
      "go_to": "Blende",
      "flying_hours": 0,
      "number_of_passengers": 0,
      "Quality": "Good"
    }
  },
  {
    "id": "62389c70277d1cc6e795700e",
    "email": "morrison_porter@heli.com",
    "username": "morrison45",
    "profile": {
      "index": 5,
      "name": "Morrison Porter",
      "age": "45",
      "country": "United States",
      "picture": "http://placehold.it/32x32/picture/morrison_porter/5",
      "email": "morrison_porter@heli.com",
      "phone": "+78.86496",
      "name_Helipaddy": "Carmen ",
      "expertise": "professional",
      "Trip_price": "$43.22",
      "number_of_trips": 45
    },
    "trip": {
      "time_to_go": "2021-11-18T02:49:55.552Z",
      "go_to": "Harleigh",
      "flying_hours": 9,
      "number_of_passengers": 6,
      "Quality": "Bad"
    }
  },
  {
    "id": "62389c7033237c4dfb6aa750",
    "email": "suzette_petersen@heli.com",
    "username": "suzette58",
    "profile": {
      "index": 6,
      "name": "Suzette Petersen",
      "age": "58",
      "country": "Saint Vincent and The Grenadines",
      "picture": "http://placehold.it/32x32/picture/suzette_petersen/6",
      "email": "suzette_petersen@heli.com",
      "phone": "+102.19236",
      "name_Helipaddy": "Elisa ",
      "expertise": "Beginner",
      "Trip_price": "$70.01",
      "number_of_trips": 20
    },
    "trip": {
      "time_to_go": "2021-10-23T01:51:14.774Z",
      "go_to": "Barrelville",
      "flying_hours": 2,
      "number_of_passengers": 2,
      "Quality": "Good"
    }
  },
  {
    "id": "62389c70275699b4bb1d2044",
    "email": "reba_little@heli.com",
    "username": "reba40",
    "profile": {
      "index": 7,
      "name": "Reba Little",
      "age": "40",
      "country": "Germany",
      "picture": "http://placehold.it/32x32/picture/reba_little/7",
      "email": "reba_little@heli.com",
      "phone": "+92.02363",
      "name_Helipaddy": "Benita ",
      "expertise": "Beginner",
      "Trip_price": "$96.04",
      "number_of_trips": 39
    },
    "trip": {
      "time_to_go": "2022-06-04T16:20:33.926Z",
      "go_to": "Brogan",
      "flying_hours": 7,
      "number_of_passengers": 2,
      "Quality": "Good"
    }
  },
  {
    "id": "62389c70ed112140e60f55e6",
    "email": "melba_mack@heli.com",
    "username": "melba53",
    "profile": {
      "index": 8,
      "name": "Melba Mack",
      "age": "53",
      "country": "Bangladesh",
      "picture": "http://placehold.it/32x32/picture/melba_mack/8",
      "email": "melba_mack@heli.com",
      "phone": "+103.79850",
      "name_Helipaddy": "Lily ",
      "expertise": "professional",
      "Trip_price": "$108.21",
      "number_of_trips": 21
    },
    "trip": {
      "time_to_go": "2021-06-24T22:43:23.551Z",
      "go_to": "Camas",
      "flying_hours": 3,
      "number_of_passengers": 1,
      "Quality": "Normal"
    }
  },
  {
    "id": "62389c7021c2091c9a3e27be",
    "email": "edwards_pearson@heli.com",
    "username": "edwards51",
    "profile": {
      "index": 9,
      "name": "Edwards Pearson",
      "age": "51",
      "country": "Slovak Republic",
      "picture": "http://placehold.it/32x32/picture/edwards_pearson/9",
      "email": "edwards_pearson@heli.com",
      "phone": "+87.16880",
      "name_Helipaddy": "Sanchez ",
      "expertise": "Beginner",
      "Trip_price": "$89.03",
      "number_of_trips": 26
    },
    "trip": {
      "time_to_go": "2020-11-14T07:35:59.784Z",
      "go_to": "Connerton",
      "flying_hours": 8,
      "number_of_passengers": 0,
      "Quality": "Normal"
    }
  },
  {
    "id": "62389c70e57e2fe67a0f6a44",
    "email": "antonia_merrill@heli.com",
    "username": "antonia40",
    "profile": {
      "index": 10,
      "name": "Antonia Merrill",
      "age": "40",
      "country": "Moldova",
      "picture": "http://placehold.it/32x32/picture/antonia_merrill/10",
      "email": "antonia_merrill@heli.com",
      "phone": "+92.64028",
      "name_Helipaddy": "Travis ",
      "expertise": "professional",
      "Trip_price": "$78.32",
      "number_of_trips": 45
    },
    "trip": {
      "time_to_go": "2020-08-18T11:45:52.061Z",
      "go_to": "Whitmer",
      "flying_hours": 5,
      "number_of_passengers": 4,
      "Quality": "Bad"
    }
  },
  {
    "id": "62389c706f5586ab8c5dd087",
    "email": "frye_bennett@heli.com",
    "username": "frye44",
    "profile": {
      "index": 11,
      "name": "Frye Bennett",
      "age": "44",
      "country": "Sudan",
      "picture": "http://placehold.it/32x32/picture/frye_bennett/11",
      "email": "frye_bennett@heli.com",
      "phone": "+88.63581",
      "name_Helipaddy": "Eddie ",
      "expertise": "Beginner",
      "Trip_price": "$49.29",
      "number_of_trips": 9
    },
    "trip": {
      "time_to_go": "2020-10-23T08:42:26.575Z",
      "go_to": "Edenburg",
      "flying_hours": 3,
      "number_of_passengers": 2,
      "Quality": "Good"
    }
  },
  {
    "id": "62389c705fa50fcb25bd52bf",
    "email": "tami_marks@heli.com",
    "username": "tamiinvalid date",
    "profile": {
      "index": 12,
      "name": "Tami Marks",
      "age": "27",
      "country": "Falkland Islands (Malvinas)",
      "picture": "http://placehold.it/32x32/picture/tami_marks/12",
      "email": "tami_marks@heli.com",
      "phone": "+114.34452",
      "name_Helipaddy": "Vicky ",
      "expertise": "Beginner",
      "Trip_price": "$37.21",
      "number_of_trips": 12
    },
    "trip": {
      "time_to_go": "2020-07-01T06:49:37.349Z",
      "go_to": "Tibbie",
      "flying_hours": 2,
      "number_of_passengers": 1,
      "Quality": "Good"
    }
  },
  {
    "id": "62389c707fe475e163a12413",
    "email": "nunez_delacruz@heli.com",
    "username": "nunez57",
    "profile": {
      "index": 13,
      "name": "Nunez Delacruz",
      "age": "57",
      "country": "Indonesia",
      "picture": "http://placehold.it/32x32/picture/nunez_delacruz/13",
      "email": "nunez_delacruz@heli.com",
      "phone": "+60.06251",
      "name_Helipaddy": "Ware ",
      "expertise": "professional",
      "Trip_price": "$36.43",
      "number_of_trips": 26
    },
    "trip": {
      "time_to_go": "2020-11-01T20:33:50.555Z",
      "go_to": "Shrewsbury",
      "flying_hours": 7,
      "number_of_passengers": 6,
      "Quality": "Bad"
    }
  },
  {
    "id": "62389c707e68859613ad0642",
    "email": "tamera_anderson@heli.com",
    "username": "tamerainvalid date",
    "profile": {
      "index": 14,
      "name": "Tamera Anderson",
      "age": "27",
      "country": "Kuwait",
      "picture": "http://placehold.it/32x32/picture/tamera_anderson/14",
      "email": "tamera_anderson@heli.com",
      "phone": "+63.22732",
      "name_Helipaddy": "Goff ",
      "expertise": "Beginner",
      "Trip_price": "$71.35",
      "number_of_trips": 12
    },
    "trip": {
      "time_to_go": "2022-06-07T11:59:46.914Z",
      "go_to": "Greenwich",
      "flying_hours": 1,
      "number_of_passengers": 3,
      "Quality": "Good"
    }
  },
  {
    "id": "62389c7008cf0921cb65c018",
    "email": "hahn_fuller@heli.com",
    "username": "hahninvalid date",
    "profile": {
      "index": 15,
      "name": "Hahn Fuller",
      "age": "30",
      "country": "Nepal",
      "picture": "http://placehold.it/32x32/picture/hahn_fuller/15",
      "email": "hahn_fuller@heli.com",
      "phone": "+119.20102",
      "name_Helipaddy": "Ferrell ",
      "expertise": "Beginner",
      "Trip_price": "$91.36",
      "number_of_trips": 32
    },
    "trip": {
      "time_to_go": "2020-10-13T02:54:19.924Z",
      "go_to": "Carlton",
      "flying_hours": 9,
      "number_of_passengers": 6,
      "Quality": "Bad"
    }
  },
  {
    "id": "62389c70c0adfb0e7e717acb",
    "email": "lewis_massey@heli.com",
    "username": "lewis37",
    "profile": {
      "index": 16,
      "name": "Lewis Massey",
      "age": "37",
      "country": "Netherlands Antilles",
      "picture": "http://placehold.it/32x32/picture/lewis_massey/16",
      "email": "lewis_massey@heli.com",
      "phone": "+56.81642",
      "name_Helipaddy": "Avila ",
      "expertise": "professional",
      "Trip_price": "$95.93",
      "number_of_trips": 10
    },
    "trip": {
      "time_to_go": "2020-08-22T09:59:27.150Z",
      "go_to": "Washington",
      "flying_hours": 8,
      "number_of_passengers": 3,
      "Quality": "Good"
    }
  },
  {
    "id": "62389c70f900064090ae0275",
    "email": "bertha_holloway@heli.com",
    "username": "berthainvalid date",
    "profile": {
      "index": 17,
      "name": "Bertha Holloway",
      "age": "29",
      "country": "Iraq",
      "picture": "http://placehold.it/32x32/picture/bertha_holloway/17",
      "email": "bertha_holloway@heli.com",
      "phone": "+97.45531",
      "name_Helipaddy": "Candice ",
      "expertise": "Beginner",
      "Trip_price": "$101.93",
      "number_of_trips": 3
    },
    "trip": {
      "time_to_go": "2022-05-15T00:25:50.623Z",
      "go_to": "Fidelis",
      "flying_hours": 1,
      "number_of_passengers": 0,
      "Quality": "Good"
    }
  },
  {
    "id": "62389c709716f20cd5a644b0",
    "email": "jean_bass@heli.com",
    "username": "jean34",
    "profile": {
      "index": 18,
      "name": "Jean Bass",
      "age": "34",
      "country": "Haiti",
      "picture": "http://placehold.it/32x32/picture/jean_bass/18",
      "email": "jean_bass@heli.com",
      "phone": "+113.42092",
      "name_Helipaddy": "Pearlie ",
      "expertise": "Beginner",
      "Trip_price": "$88.18",
      "number_of_trips": 33
    },
    "trip": {
      "time_to_go": "2021-08-05T10:24:37.234Z",
      "go_to": "Hickory",
      "flying_hours": 7,
      "number_of_passengers": 6,
      "Quality": "Good"
    }
  },
  {
    "id": "62389c7090e021a471cb443d",
    "email": "fitzpatrick_frost@heli.com",
    "username": "fitzpatrick37",
    "profile": {
      "index": 19,
      "name": "Fitzpatrick Frost",
      "age": "37",
      "country": "British Indian Ocean Territory",
      "picture": "http://placehold.it/32x32/picture/fitzpatrick_frost/19",
      "email": "fitzpatrick_frost@heli.com",
      "phone": "+111.39633",
      "name_Helipaddy": "Melissa ",
      "expertise": "Beginner",
      "Trip_price": "$50.65",
      "number_of_trips": 26
    },
    "trip": {
      "time_to_go": "2020-11-29T12:12:53.833Z",
      "go_to": "Indio",
      "flying_hours": 9,
      "number_of_passengers": 1,
      "Quality": "Normal"
    }
  },
  {
    "id": "62389c7091c0242e6d4979ca",
    "email": "susanna_brock@heli.com",
    "username": "susanna39",
    "profile": {
      "index": 20,
      "name": "Susanna Brock",
      "age": "39",
      "country": "Korea (North)",
      "picture": "http://placehold.it/32x32/picture/susanna_brock/20",
      "email": "susanna_brock@heli.com",
      "phone": "+83.88057",
      "name_Helipaddy": "Gracie ",
      "expertise": "Beginner",
      "Trip_price": "$59.12",
      "number_of_trips": 3
    },
    "trip": {
      "time_to_go": "2021-02-20T13:01:56.804Z",
      "go_to": "Galesville",
      "flying_hours": 6,
      "number_of_passengers": 6,
      "Quality": "Bad"
    }
  },
  {
    "id": "62389c70837857d26f473721",
    "email": "cochran_decker@heli.com",
    "username": "cochran34",
    "profile": {
      "index": 21,
      "name": "Cochran Decker",
      "age": "34",
      "country": "Bermuda",
      "picture": "http://placehold.it/32x32/picture/cochran_decker/21",
      "email": "cochran_decker@heli.com",
      "phone": "+36.94509",
      "name_Helipaddy": "Glover ",
      "expertise": "Beginner",
      "Trip_price": "$62.09",
      "number_of_trips": 30
    },
    "trip": {
      "time_to_go": "2020-11-24T08:55:25.314Z",
      "go_to": "Frizzleburg",
      "flying_hours": 6,
      "number_of_passengers": 6,
      "Quality": "Bad"
    }
  },
  {
    "id": "62389c7089b234c43d4059aa",
    "email": "frances_joyce@heli.com",
    "username": "frances40",
    "profile": {
      "index": 22,
      "name": "Frances Joyce",
      "age": "40",
      "country": "Somalia",
      "picture": "http://placehold.it/32x32/picture/frances_joyce/22",
      "email": "frances_joyce@heli.com",
      "phone": "+62.44476",
      "name_Helipaddy": "Beard ",
      "expertise": "professional",
      "Trip_price": "$99.66",
      "number_of_trips": 19
    },
    "trip": {
      "time_to_go": "2021-04-03T12:56:09.209Z",
      "go_to": "Crenshaw",
      "flying_hours": 5,
      "number_of_passengers": 3,
      "Quality": "Good"
    }
  },
  {
    "id": "62389c705ba4d5ba71156304",
    "email": "henrietta_fisher@heli.com",
    "username": "henrietta34",
    "profile": {
      "index": 23,
      "name": "Henrietta Fisher",
      "age": "34",
      "country": "Heard and McDonald Islands",
      "picture": "http://placehold.it/32x32/picture/henrietta_fisher/23",
      "email": "henrietta_fisher@heli.com",
      "phone": "+55.80273",
      "name_Helipaddy": "Abigail ",
      "expertise": "Beginner",
      "Trip_price": "$80.77",
      "number_of_trips": 42
    },
    "trip": {
      "time_to_go": "2022-03-27T18:24:36.939Z",
      "go_to": "Efland",
      "flying_hours": 7,
      "number_of_passengers": 1,
      "Quality": "Normal"
    }
  },
  {
    "id": "62389c7056556480d3d0fc3a",
    "email": "deborah_bond@heli.com",
    "username": "deborah54",
    "profile": {
      "index": 24,
      "name": "Deborah Bond",
      "age": "54",
      "country": "Solomon Islands",
      "picture": "http://placehold.it/32x32/picture/deborah_bond/24",
      "email": "deborah_bond@heli.com",
      "phone": "+105.83347",
      "name_Helipaddy": "Kristy ",
      "expertise": "Beginner",
      "Trip_price": "$39.21",
      "number_of_trips": 27
    },
    "trip": {
      "time_to_go": "2020-07-19T08:33:16.865Z",
      "go_to": "Taft",
      "flying_hours": 4,
      "number_of_passengers": 3,
      "Quality": "Good"
    }
  },
  {
    "id": "62389c7023466cc86d964414",
    "email": "wilkerson_gilbert@heli.com",
    "username": "wilkersoninvalid date",
    "profile": {
      "index": 25,
      "name": "Wilkerson Gilbert",
      "age": "23",
      "country": "Romania",
      "picture": "http://placehold.it/32x32/picture/wilkerson_gilbert/25",
      "email": "wilkerson_gilbert@heli.com",
      "phone": "+100.02407",
      "name_Helipaddy": "Ruby ",
      "expertise": "professional",
      "Trip_price": "$114.15",
      "number_of_trips": 30
    },
    "trip": {
      "time_to_go": "2022-12-10T22:09:21.924Z",
      "go_to": "Corinne",
      "flying_hours": 1,
      "number_of_passengers": 0,
      "Quality": "Good"
    }
  },
  {
    "id": "62389c70b00d34e565af04b8",
    "email": "nadine_clay@heli.com",
    "username": "nadine51",
    "profile": {
      "index": 26,
      "name": "Nadine Clay",
      "age": "51",
      "country": "Guam",
      "picture": "http://placehold.it/32x32/picture/nadine_clay/26",
      "email": "nadine_clay@heli.com",
      "phone": "+58.85663",
      "name_Helipaddy": "Peggy ",
      "expertise": "Beginner",
      "Trip_price": "$60.23",
      "number_of_trips": 41
    },
    "trip": {
      "time_to_go": "2021-07-19T00:59:31.273Z",
      "go_to": "Mansfield",
      "flying_hours": 7,
      "number_of_passengers": 1,
      "Quality": "Normal"
    }
  },
  {
    "id": "62389c70a6a1b5d15e81be70",
    "email": "oliver_reynolds@heli.com",
    "username": "oliver43",
    "profile": {
      "index": 27,
      "name": "Oliver Reynolds",
      "age": "43",
      "country": "Saint Kitts and Nevis",
      "picture": "http://placehold.it/32x32/picture/oliver_reynolds/27",
      "email": "oliver_reynolds@heli.com",
      "phone": "+68.40542",
      "name_Helipaddy": "Turner ",
      "expertise": "Beginner",
      "Trip_price": "$76.47",
      "number_of_trips": 0
    },
    "trip": {
      "time_to_go": "2020-09-14T19:13:13.050Z",
      "go_to": "Ribera",
      "flying_hours": 1,
      "number_of_passengers": 3,
      "Quality": "Normal"
    }
  },
  {
    "id": "62389c70391752ea1bef2e73",
    "email": "marina_shepard@heli.com",
    "username": "marina50",
    "profile": {
      "index": 28,
      "name": "Marina Shepard",
      "age": "50",
      "country": "Syria",
      "picture": "http://placehold.it/32x32/picture/marina_shepard/28",
      "email": "marina_shepard@heli.com",
      "phone": "+105.73719",
      "name_Helipaddy": "Hope ",
      "expertise": "professional",
      "Trip_price": "$118.59",
      "number_of_trips": 26
    },
    "trip": {
      "time_to_go": "2022-05-31T01:46:20.513Z",
      "go_to": "Bancroft",
      "flying_hours": 2,
      "number_of_passengers": 4,
      "Quality": "Normal"
    }
  },
  {
    "id": "62389c70687dd5a9515840ff",
    "email": "ray_wall@heli.com",
    "username": "ray33",
    "profile": {
      "index": 29,
      "name": "Ray Wall",
      "age": "33",
      "country": "Western Sahara",
      "picture": "http://placehold.it/32x32/picture/ray_wall/29",
      "email": "ray_wall@heli.com",
      "phone": "+74.41978",
      "name_Helipaddy": "Chris ",
      "expertise": "professional",
      "Trip_price": "$56.23",
      "number_of_trips": 17
    },
    "trip": {
      "time_to_go": "2022-10-12T00:06:50.613Z",
      "go_to": "Florence",
      "flying_hours": 6,
      "number_of_passengers": 1,
      "Quality": "Normal"
    }
  },
  {
    "id": "62389c701d6542c89ca1aa40",
    "email": "stephanie_schmidt@heli.com",
    "username": "stephanie50",
    "profile": {
      "index": 30,
      "name": "Stephanie Schmidt",
      "age": "50",
      "country": "Bouvet Island",
      "picture": "http://placehold.it/32x32/picture/stephanie_schmidt/30",
      "email": "stephanie_schmidt@heli.com",
      "phone": "+99.55240",
      "name_Helipaddy": "Adriana ",
      "expertise": "Beginner",
      "Trip_price": "$91.68",
      "number_of_trips": 29
    },
    "trip": {
      "time_to_go": "2022-01-31T11:54:46.615Z",
      "go_to": "Deltaville",
      "flying_hours": 8,
      "number_of_passengers": 5,
      "Quality": "Good"
    }
  },
  {
    "id": "62389c7025022f40d61bc80a",
    "email": "joni_gonzalez@heli.com",
    "username": "joni32",
    "profile": {
      "index": 31,
      "name": "Joni Gonzalez",
      "age": "32",
      "country": "Tuvalu",
      "picture": "http://placehold.it/32x32/picture/joni_gonzalez/31",
      "email": "joni_gonzalez@heli.com",
      "phone": "+95.61984",
      "name_Helipaddy": "Myers ",
      "expertise": "Beginner",
      "Trip_price": "$105.25",
      "number_of_trips": 46
    },
    "trip": {
      "time_to_go": "2020-04-19T17:16:45.917Z",
      "go_to": "Conestoga",
      "flying_hours": 9,
      "number_of_passengers": 4,
      "Quality": "Normal"
    }
  },
  {
    "id": "62389c7024a30181633394ae",
    "email": "benton_bates@heli.com",
    "username": "benton36",
    "profile": {
      "index": 32,
      "name": "Benton Bates",
      "age": "36",
      "country": "Myanmar",
      "picture": "http://placehold.it/32x32/picture/benton_bates/32",
      "email": "benton_bates@heli.com",
      "phone": "+98.86267",
      "name_Helipaddy": "Yang ",
      "expertise": "Beginner",
      "Trip_price": "$38.65",
      "number_of_trips": 16
    },
    "trip": {
      "time_to_go": "2020-12-25T11:31:55.171Z",
      "go_to": "Gratton",
      "flying_hours": 1,
      "number_of_passengers": 1,
      "Quality": "Normal"
    }
  },
  {
    "id": "62389c70d7b772075dd32267",
    "email": "corinne_vargas@heli.com",
    "username": "corinne55",
    "profile": {
      "index": 33,
      "name": "Corinne Vargas",
      "age": "55",
      "country": "Yugoslavia",
      "picture": "http://placehold.it/32x32/picture/corinne_vargas/33",
      "email": "corinne_vargas@heli.com",
      "phone": "+98.43895",
      "name_Helipaddy": "Enid ",
      "expertise": "Beginner",
      "Trip_price": "$32.54",
      "number_of_trips": 38
    },
    "trip": {
      "time_to_go": "2021-06-02T11:24:03.756Z",
      "go_to": "Sutton",
      "flying_hours": 6,
      "number_of_passengers": 5,
      "Quality": "Normal"
    }
  },
  {
    "id": "62389c703093d9a732f9b1ea",
    "email": "hillary_holder@heli.com",
    "username": "hillaryinvalid date",
    "profile": {
      "index": 34,
      "name": "Hillary Holder",
      "age": "23",
      "country": "Brazil",
      "picture": "http://placehold.it/32x32/picture/hillary_holder/34",
      "email": "hillary_holder@heli.com",
      "phone": "+71.45320",
      "name_Helipaddy": "Anderson ",
      "expertise": "Beginner",
      "Trip_price": "$46.18",
      "number_of_trips": 17
    },
    "trip": {
      "time_to_go": "2020-05-17T23:36:51.394Z",
      "go_to": "Townsend",
      "flying_hours": 2,
      "number_of_passengers": 5,
      "Quality": "Normal"
    }
  },
  {
    "id": "62389c709ca644247bed8f68",
    "email": "cassie_murray@heli.com",
    "username": "cassie35",
    "profile": {
      "index": 35,
      "name": "Cassie Murray",
      "age": "35",
      "country": "Jordan",
      "picture": "http://placehold.it/32x32/picture/cassie_murray/35",
      "email": "cassie_murray@heli.com",
      "phone": "+113.93758",
      "name_Helipaddy": "Bryan ",
      "expertise": "professional",
      "Trip_price": "$33.87",
      "number_of_trips": 47
    },
    "trip": {
      "time_to_go": "2021-05-10T10:54:32.817Z",
      "go_to": "Dale",
      "flying_hours": 0,
      "number_of_passengers": 3,
      "Quality": "Good"
    }
  },
  {
    "id": "62389c7025de184dc5a3a366",
    "email": "fuller_beck@heli.com",
    "username": "fullerinvalid date",
    "profile": {
      "index": 36,
      "name": "Fuller Beck",
      "age": "23",
      "country": "Nicaragua",
      "picture": "http://placehold.it/32x32/picture/fuller_beck/36",
      "email": "fuller_beck@heli.com",
      "phone": "+75.27386",
      "name_Helipaddy": "Tiffany ",
      "expertise": "Beginner",
      "Trip_price": "$32.37",
      "number_of_trips": 27
    },
    "trip": {
      "time_to_go": "2022-07-28T22:19:37.329Z",
      "go_to": "Newkirk",
      "flying_hours": 2,
      "number_of_passengers": 5,
      "Quality": "Normal"
    }
  },
  {
    "id": "62389c70251e0be1a231599e",
    "email": "shelia_garrison@heli.com",
    "username": "shelia44",
    "profile": {
      "index": 37,
      "name": "Shelia Garrison",
      "age": "44",
      "country": "Guinea",
      "picture": "http://placehold.it/32x32/picture/shelia_garrison/37",
      "email": "shelia_garrison@heli.com",
      "phone": "+91.47884",
      "name_Helipaddy": "Patsy ",
      "expertise": "Beginner",
      "Trip_price": "$105.82",
      "number_of_trips": 43
    },
    "trip": {
      "time_to_go": "2021-02-19T20:40:13.983Z",
      "go_to": "Ruckersville",
      "flying_hours": 0,
      "number_of_passengers": 3,
      "Quality": "Bad"
    }
  },
  {
    "id": "62389c70e9599ec398ccb20b",
    "email": "brady_koch@heli.com",
    "username": "brady33",
    "profile": {
      "index": 38,
      "name": "Brady Koch",
      "age": "33",
      "country": "China",
      "picture": "http://placehold.it/32x32/picture/brady_koch/38",
      "email": "brady_koch@heli.com",
      "phone": "+47.72405",
      "name_Helipaddy": "Lillian ",
      "expertise": "professional",
      "Trip_price": "$51.18",
      "number_of_trips": 42
    },
    "trip": {
      "time_to_go": "2020-09-02T18:32:28.184Z",
      "go_to": "Rockhill",
      "flying_hours": 8,
      "number_of_passengers": 2,
      "Quality": "Normal"
    }
  },
  {
    "id": "62389c70f58f69b8da4a612a",
    "email": "gabriela_roy@heli.com",
    "username": "gabrielainvalid date",
    "profile": {
      "index": 39,
      "name": "Gabriela Roy",
      "age": "23",
      "country": "Mayotte",
      "picture": "http://placehold.it/32x32/picture/gabriela_roy/39",
      "email": "gabriela_roy@heli.com",
      "phone": "+84.76660",
      "name_Helipaddy": "Karin ",
      "expertise": "professional",
      "Trip_price": "$107.22",
      "number_of_trips": 8
    },
    "trip": {
      "time_to_go": "2022-03-20T07:32:44.042Z",
      "go_to": "Umapine",
      "flying_hours": 8,
      "number_of_passengers": 0,
      "Quality": "Bad"
    }
  },
  {
    "id": "62389c70c7a88dbd0295a7fd",
    "email": "black_mcintosh@heli.com",
    "username": "blackinvalid date",
    "profile": {
      "index": 40,
      "name": "Black Mcintosh",
      "age": "21",
      "country": "Turkmenistan",
      "picture": "http://placehold.it/32x32/picture/black_mcintosh/40",
      "email": "black_mcintosh@heli.com",
      "phone": "+92.94384",
      "name_Helipaddy": "Walsh ",
      "expertise": "professional",
      "Trip_price": "$44.19",
      "number_of_trips": 36
    },
    "trip": {
      "time_to_go": "2021-07-27T11:43:26.233Z",
      "go_to": "Albany",
      "flying_hours": 0,
      "number_of_passengers": 2,
      "Quality": "Bad"
    }
  },
  {
    "id": "62389c707aa8a43c273735ee",
    "email": "bernadette_meadows@heli.com",
    "username": "bernadette47",
    "profile": {
      "index": 41,
      "name": "Bernadette Meadows",
      "age": "47",
      "country": "Lesotho",
      "picture": "http://placehold.it/32x32/picture/bernadette_meadows/41",
      "email": "bernadette_meadows@heli.com",
      "phone": "+60.50410",
      "name_Helipaddy": "Lauri ",
      "expertise": "Beginner",
      "Trip_price": "$112.32",
      "number_of_trips": 9
    },
    "trip": {
      "time_to_go": "2020-01-21T03:53:43.768Z",
      "go_to": "Dotsero",
      "flying_hours": 1,
      "number_of_passengers": 1,
      "Quality": "Good"
    }
  },
  {
    "id": "62389c7063f99622916b5e11",
    "email": "lindsay_whitley@heli.com",
    "username": "lindsay52",
    "profile": {
      "index": 42,
      "name": "Lindsay Whitley",
      "age": "52",
      "country": "Mali",
      "picture": "http://placehold.it/32x32/picture/lindsay_whitley/42",
      "email": "lindsay_whitley@heli.com",
      "phone": "+88.16109",
      "name_Helipaddy": "Dorthy ",
      "expertise": "Beginner",
      "Trip_price": "$35.09",
      "number_of_trips": 30
    },
    "trip": {
      "time_to_go": "2020-11-01T15:34:21.136Z",
      "go_to": "Maybell",
      "flying_hours": 3,
      "number_of_passengers": 6,
      "Quality": "Normal"
    }
  },
  {
    "id": "62389c70120d3bd67befe208",
    "email": "sandra_beach@heli.com",
    "username": "sandra44",
    "profile": {
      "index": 43,
      "name": "Sandra Beach",
      "age": "44",
      "country": "Vatican City State (Holy See)",
      "picture": "http://placehold.it/32x32/picture/sandra_beach/43",
      "email": "sandra_beach@heli.com",
      "phone": "+111.85270",
      "name_Helipaddy": "Kathleen ",
      "expertise": "Beginner",
      "Trip_price": "$69.48",
      "number_of_trips": 42
    },
    "trip": {
      "time_to_go": "2022-02-28T09:36:16.735Z",
      "go_to": "Cade",
      "flying_hours": 2,
      "number_of_passengers": 0,
      "Quality": "Normal"
    }
  },
  {
    "id": "62389c7021ae4f69921406d7",
    "email": "figueroa_padilla@heli.com",
    "username": "figueroa37",
    "profile": {
      "index": 44,
      "name": "Figueroa Padilla",
      "age": "37",
      "country": "Qatar",
      "picture": "http://placehold.it/32x32/picture/figueroa_padilla/44",
      "email": "figueroa_padilla@heli.com",
      "phone": "+60.53725",
      "name_Helipaddy": "Celia ",
      "expertise": "Beginner",
      "Trip_price": "$64.04",
      "number_of_trips": 47
    },
    "trip": {
      "time_to_go": "2021-08-29T11:44:14.555Z",
      "go_to": "Advance",
      "flying_hours": 2,
      "number_of_passengers": 1,
      "Quality": "Good"
    }
  },
  {
    "id": "62389c704a845f7e5aa8e74b",
    "email": "lynn_richards@heli.com",
    "username": "lynninvalid date",
    "profile": {
      "index": 45,
      "name": "Lynn Richards",
      "age": "20",
      "country": "Fiji",
      "picture": "http://placehold.it/32x32/picture/lynn_richards/45",
      "email": "lynn_richards@heli.com",
      "phone": "+50.90403",
      "name_Helipaddy": "Andrews ",
      "expertise": "professional",
      "Trip_price": "$94.12",
      "number_of_trips": 27
    },
    "trip": {
      "time_to_go": "2022-01-02T17:46:49.805Z",
      "go_to": "Otranto",
      "flying_hours": 1,
      "number_of_passengers": 2,
      "Quality": "Good"
    }
  },
  {
    "id": "62389c70e7baefc4b18401b0",
    "email": "juliana_wilder@heli.com",
    "username": "juliana56",
    "profile": {
      "index": 46,
      "name": "Juliana Wilder",
      "age": "56",
      "country": "Nigeria",
      "picture": "http://placehold.it/32x32/picture/juliana_wilder/46",
      "email": "juliana_wilder@heli.com",
      "phone": "+87.15160",
      "name_Helipaddy": "Priscilla ",
      "expertise": "Beginner",
      "Trip_price": "$30.83",
      "number_of_trips": 9
    },
    "trip": {
      "time_to_go": "2020-08-13T06:13:07.492Z",
      "go_to": "Haena",
      "flying_hours": 3,
      "number_of_passengers": 6,
      "Quality": "Bad"
    }
  },
  {
    "id": "62389c700e3abc406288d7b6",
    "email": "laurel_kane@heli.com",
    "username": "laurel37",
    "profile": {
      "index": 47,
      "name": "Laurel Kane",
      "age": "37",
      "country": "Luxembourg",
      "picture": "http://placehold.it/32x32/picture/laurel_kane/47",
      "email": "laurel_kane@heli.com",
      "phone": "+60.11326",
      "name_Helipaddy": "Mia ",
      "expertise": "Beginner",
      "Trip_price": "$74.55",
      "number_of_trips": 22
    },
    "trip": {
      "time_to_go": "2022-02-12T18:08:15.997Z",
      "go_to": "Kent",
      "flying_hours": 0,
      "number_of_passengers": 1,
      "Quality": "Normal"
    }
  },
  {
    "id": "62389c70c5aa8feefde3766e",
    "email": "minerva_guzman@heli.com",
    "username": "minerva52",
    "profile": {
      "index": 48,
      "name": "Minerva Guzman",
      "age": "52",
      "country": "Peru",
      "picture": "http://placehold.it/32x32/picture/minerva_guzman/48",
      "email": "minerva_guzman@heli.com",
      "phone": "+65.10303",
      "name_Helipaddy": "Daphne ",
      "expertise": "Beginner",
      "Trip_price": "$82.66",
      "number_of_trips": 24
    },
    "trip": {
      "time_to_go": "2020-03-07T04:52:15.831Z",
      "go_to": "Davenport",
      "flying_hours": 3,
      "number_of_passengers": 6,
      "Quality": "Normal"
    }
  },
  {
    "id": "62389c7066086c2df22e00d4",
    "email": "hunt_lopez@heli.com",
    "username": "hunt33",
    "profile": {
      "index": 49,
      "name": "Hunt Lopez",
      "age": "33",
      "country": "Marshall Islands",
      "picture": "http://placehold.it/32x32/picture/hunt_lopez/49",
      "email": "hunt_lopez@heli.com",
      "phone": "+57.92266",
      "name_Helipaddy": "Henry ",
      "expertise": "professional",
      "Trip_price": "$119.63",
      "number_of_trips": 8
    },
    "trip": {
      "time_to_go": "2020-08-03T03:27:25.628Z",
      "go_to": "Brazos",
      "flying_hours": 6,
      "number_of_passengers": 3,
      "Quality": "Bad"
    }
  },
  {
    "id": "62389c70fbbdd7e199a54baf",
    "email": "nicholson_hinton@heli.com",
    "username": "nicholson33",
    "profile": {
      "index": 50,
      "name": "Nicholson Hinton",
      "age": "33",
      "country": "Ireland",
      "picture": "http://placehold.it/32x32/picture/nicholson_hinton/50",
      "email": "nicholson_hinton@heli.com",
      "phone": "+90.64745",
      "name_Helipaddy": "Chan ",
      "expertise": "professional",
      "Trip_price": "$107.34",
      "number_of_trips": 30
    },
    "trip": {
      "time_to_go": "2020-02-03T00:35:00.246Z",
      "go_to": "Croom",
      "flying_hours": 2,
      "number_of_passengers": 6,
      "Quality": "Bad"
    }
  },
  {
    "id": "62389c702e5b33301f77d8fe",
    "email": "roach_gonzales@heli.com",
    "username": "roach60",
    "profile": {
      "index": 51,
      "name": "Roach Gonzales",
      "age": "60",
      "country": "East Timor",
      "picture": "http://placehold.it/32x32/picture/roach_gonzales/51",
      "email": "roach_gonzales@heli.com",
      "phone": "+107.80929",
      "name_Helipaddy": "Schwartz ",
      "expertise": "Beginner",
      "Trip_price": "$62.92",
      "number_of_trips": 7
    },
    "trip": {
      "time_to_go": "2022-01-21T06:33:19.915Z",
      "go_to": "Leeper",
      "flying_hours": 9,
      "number_of_passengers": 6,
      "Quality": "Bad"
    }
  },
  {
    "id": "62389c701abaf940c00b5f42",
    "email": "mejia_harper@heli.com",
    "username": "mejia37",
    "profile": {
      "index": 52,
      "name": "Mejia Harper",
      "age": "37",
      "country": "Portugal",
      "picture": "http://placehold.it/32x32/picture/mejia_harper/52",
      "email": "mejia_harper@heli.com",
      "phone": "+92.22687",
      "name_Helipaddy": "Crawford ",
      "expertise": "professional",
      "Trip_price": "$119.36",
      "number_of_trips": 37
    },
    "trip": {
      "time_to_go": "2022-08-17T11:48:19.563Z",
      "go_to": "Savage",
      "flying_hours": 7,
      "number_of_passengers": 2,
      "Quality": "Good"
    }
  },
  {
    "id": "62389c70ee665f109e0ed334",
    "email": "laura_norman@heli.com",
    "username": "laura55",
    "profile": {
      "index": 53,
      "name": "Laura Norman",
      "age": "55",
      "country": "Netherlands",
      "picture": "http://placehold.it/32x32/picture/laura_norman/53",
      "email": "laura_norman@heli.com",
      "phone": "+47.72997",
      "name_Helipaddy": "Jo ",
      "expertise": "professional",
      "Trip_price": "$112.62",
      "number_of_trips": 19
    },
    "trip": {
      "time_to_go": "2020-09-28T13:10:48.040Z",
      "go_to": "Clarksburg",
      "flying_hours": 4,
      "number_of_passengers": 5,
      "Quality": "Bad"
    }
  },
  {
    "id": "62389c709ed5eebde9068791",
    "email": "anthony_mcbride@heli.com",
    "username": "anthonyinvalid date",
    "profile": {
      "index": 54,
      "name": "Anthony Mcbride",
      "age": "29",
      "country": "Greenland",
      "picture": "http://placehold.it/32x32/picture/anthony_mcbride/54",
      "email": "anthony_mcbride@heli.com",
      "phone": "+111.13460",
      "name_Helipaddy": "Marcia ",
      "expertise": "Beginner",
      "Trip_price": "$49.56",
      "number_of_trips": 37
    },
    "trip": {
      "time_to_go": "2022-07-28T08:20:26.946Z",
      "go_to": "Blue",
      "flying_hours": 4,
      "number_of_passengers": 3,
      "Quality": "Bad"
    }
  },
  {
    "id": "62389c701ea866bc57511db7",
    "email": "penelope_conway@heli.com",
    "username": "penelope53",
    "profile": {
      "index": 55,
      "name": "Penelope Conway",
      "age": "53",
      "country": "Norway",
      "picture": "http://placehold.it/32x32/picture/penelope_conway/55",
      "email": "penelope_conway@heli.com",
      "phone": "+55.70883",
      "name_Helipaddy": "Hoover ",
      "expertise": "Beginner",
      "Trip_price": "$57.38",
      "number_of_trips": 5
    },
    "trip": {
      "time_to_go": "2022-02-15T23:15:43.268Z",
      "go_to": "Longoria",
      "flying_hours": 9,
      "number_of_passengers": 3,
      "Quality": "Normal"
    }
  },
  {
    "id": "62389c70a6c45d0f5dfaa225",
    "email": "allie_delaney@heli.com",
    "username": "allie50",
    "profile": {
      "index": 56,
      "name": "Allie Delaney",
      "age": "50",
      "country": "Djibouti",
      "picture": "http://placehold.it/32x32/picture/allie_delaney/56",
      "email": "allie_delaney@heli.com",
      "phone": "+72.02020",
      "name_Helipaddy": "Beatrice ",
      "expertise": "Beginner",
      "Trip_price": "$94.75",
      "number_of_trips": 9
    },
    "trip": {
      "time_to_go": "2020-02-27T15:48:30.318Z",
      "go_to": "Hiko",
      "flying_hours": 1,
      "number_of_passengers": 0,
      "Quality": "Bad"
    }
  },
  {
    "id": "62389c709920d6179fc941e6",
    "email": "lawrence_carlson@heli.com",
    "username": "lawrence57",
    "profile": {
      "index": 57,
      "name": "Lawrence Carlson",
      "age": "57",
      "country": "Tokelau",
      "picture": "http://placehold.it/32x32/picture/lawrence_carlson/57",
      "email": "lawrence_carlson@heli.com",
      "phone": "+88.71747",
      "name_Helipaddy": "Vanessa ",
      "expertise": "professional",
      "Trip_price": "$54.39",
      "number_of_trips": 37
    },
    "trip": {
      "time_to_go": "2022-11-06T00:47:41.938Z",
      "go_to": "Ruffin",
      "flying_hours": 8,
      "number_of_passengers": 2,
      "Quality": "Bad"
    }
  },
  {
    "id": "62389c700c923b983760c17e",
    "email": "lourdes_mayo@heli.com",
    "username": "lourdes33",
    "profile": {
      "index": 58,
      "name": "Lourdes Mayo",
      "age": "33",
      "country": "Saudi Arabia",
      "picture": "http://placehold.it/32x32/picture/lourdes_mayo/58",
      "email": "lourdes_mayo@heli.com",
      "phone": "+63.54781",
      "name_Helipaddy": "Avis ",
      "expertise": "professional",
      "Trip_price": "$63.51",
      "number_of_trips": 31
    },
    "trip": {
      "time_to_go": "2021-02-08T13:41:02.633Z",
      "go_to": "Snyderville",
      "flying_hours": 8,
      "number_of_passengers": 5,
      "Quality": "Good"
    }
  },
  {
    "id": "62389c7015114a6db16671ea",
    "email": "franks_dyer@heli.com",
    "username": "franks52",
    "profile": {
      "index": 59,
      "name": "Franks Dyer",
      "age": "52",
      "country": "Botswana",
      "picture": "http://placehold.it/32x32/picture/franks_dyer/59",
      "email": "franks_dyer@heli.com",
      "phone": "+98.56520",
      "name_Helipaddy": "Shawna ",
      "expertise": "professional",
      "Trip_price": "$73.98",
      "number_of_trips": 47
    },
    "trip": {
      "time_to_go": "2022-03-22T22:09:35.382Z",
      "go_to": "Manila",
      "flying_hours": 5,
      "number_of_passengers": 5,
      "Quality": "Bad"
    }
  },
  {
    "id": "62389c70b4a2822ccb4629e8",
    "email": "virginia_espinoza@heli.com",
    "username": "virginia46",
    "profile": {
      "index": 60,
      "name": "Virginia Espinoza",
      "age": "46",
      "country": "Algeria",
      "picture": "http://placehold.it/32x32/picture/virginia_espinoza/60",
      "email": "virginia_espinoza@heli.com",
      "phone": "+67.51382",
      "name_Helipaddy": "Fuentes ",
      "expertise": "professional",
      "Trip_price": "$64.78",
      "number_of_trips": 43
    },
    "trip": {
      "time_to_go": "2022-06-28T19:30:55.437Z",
      "go_to": "Belvoir",
      "flying_hours": 8,
      "number_of_passengers": 5,
      "Quality": "Normal"
    }
  },
  {
    "id": "62389c70ebe4ac8f37ecd0e7",
    "email": "baxter_larson@heli.com",
    "username": "baxter37",
    "profile": {
      "index": 61,
      "name": "Baxter Larson",
      "age": "37",
      "country": "Central African Republic",
      "picture": "http://placehold.it/32x32/picture/baxter_larson/61",
      "email": "baxter_larson@heli.com",
      "phone": "+97.37078",
      "name_Helipaddy": "Gallegos ",
      "expertise": "professional",
      "Trip_price": "$74.35",
      "number_of_trips": 43
    },
    "trip": {
      "time_to_go": "2022-09-01T01:13:10.322Z",
      "go_to": "Gordon",
      "flying_hours": 1,
      "number_of_passengers": 3,
      "Quality": "Bad"
    }
  },
  {
    "id": "62389c708b4192846b923f75",
    "email": "hodges_colon@heli.com",
    "username": "hodges53",
    "profile": {
      "index": 62,
      "name": "Hodges Colon",
      "age": "53",
      "country": "Croatia (Hrvatska)",
      "picture": "http://placehold.it/32x32/picture/hodges_colon/62",
      "email": "hodges_colon@heli.com",
      "phone": "+119.74890",
      "name_Helipaddy": "Davenport ",
      "expertise": "Beginner",
      "Trip_price": "$59.63",
      "number_of_trips": 3
    },
    "trip": {
      "time_to_go": "2020-05-17T19:20:54.832Z",
      "go_to": "Hendersonville",
      "flying_hours": 5,
      "number_of_passengers": 5,
      "Quality": "Normal"
    }
  },
  {
    "id": "62389c700fd2ce280700d0a6",
    "email": "kristi_owens@heli.com",
    "username": "kristi46",
    "profile": {
      "index": 63,
      "name": "Kristi Owens",
      "age": "46",
      "country": "Togo",
      "picture": "http://placehold.it/32x32/picture/kristi_owens/63",
      "email": "kristi_owens@heli.com",
      "phone": "+93.32877",
      "name_Helipaddy": "Farley ",
      "expertise": "Beginner",
      "Trip_price": "$89.41",
      "number_of_trips": 35
    },
    "trip": {
      "time_to_go": "2021-10-10T15:09:46.115Z",
      "go_to": "Brewster",
      "flying_hours": 8,
      "number_of_passengers": 5,
      "Quality": "Good"
    }
  },
  {
    "id": "62389c70f3ee718f5a7e2d73",
    "email": "lynda_ayers@heli.com",
    "username": "lynda40",
    "profile": {
      "index": 64,
      "name": "Lynda Ayers",
      "age": "40",
      "country": "Grenada",
      "picture": "http://placehold.it/32x32/picture/lynda_ayers/64",
      "email": "lynda_ayers@heli.com",
      "phone": "+88.91607",
      "name_Helipaddy": "Tricia ",
      "expertise": "Beginner",
      "Trip_price": "$50.87",
      "number_of_trips": 10
    },
    "trip": {
      "time_to_go": "2020-09-01T21:21:52.958Z",
      "go_to": "Thomasville",
      "flying_hours": 7,
      "number_of_passengers": 0,
      "Quality": "Bad"
    }
  },
  {
    "id": "62389c70f4143f9dced8772c",
    "email": "giles_green@heli.com",
    "username": "giles59",
    "profile": {
      "index": 65,
      "name": "Giles Green",
      "age": "59",
      "country": "Kiribati",
      "picture": "http://placehold.it/32x32/picture/giles_green/65",
      "email": "giles_green@heli.com",
      "phone": "+119.73210",
      "name_Helipaddy": "Rosario ",
      "expertise": "Beginner",
      "Trip_price": "$71.09",
      "number_of_trips": 8
    },
    "trip": {
      "time_to_go": "2020-03-22T03:59:57.276Z",
      "go_to": "Salvo",
      "flying_hours": 0,
      "number_of_passengers": 0,
      "Quality": "Normal"
    }
  },
  {
    "id": "62389c70dd4b090432a7b808",
    "email": "bender_knight@heli.com",
    "username": "bender58",
    "profile": {
      "index": 66,
      "name": "Bender Knight",
      "age": "58",
      "country": "Cuba",
      "picture": "http://placehold.it/32x32/picture/bender_knight/66",
      "email": "bender_knight@heli.com",
      "phone": "+86.39965",
      "name_Helipaddy": "Carter ",
      "expertise": "professional",
      "Trip_price": "$45.06",
      "number_of_trips": 1
    },
    "trip": {
      "time_to_go": "2022-03-06T21:09:54.789Z",
      "go_to": "Osage",
      "flying_hours": 5,
      "number_of_passengers": 5,
      "Quality": "Normal"
    }
  },
  {
    "id": "62389c70d8107e5beccfd552",
    "email": "eve_potts@heli.com",
    "username": "eve47",
    "profile": {
      "index": 67,
      "name": "Eve Potts",
      "age": "47",
      "country": "Niue",
      "picture": "http://placehold.it/32x32/picture/eve_potts/67",
      "email": "eve_potts@heli.com",
      "phone": "+105.95941",
      "name_Helipaddy": "Kinney ",
      "expertise": "professional",
      "Trip_price": "$40.88",
      "number_of_trips": 14
    },
    "trip": {
      "time_to_go": "2022-09-17T10:27:12.617Z",
      "go_to": "Wolcott",
      "flying_hours": 8,
      "number_of_passengers": 1,
      "Quality": "Good"
    }
  },
  {
    "id": "62389c709daaef40b2b5b13a",
    "email": "burt_stewart@heli.com",
    "username": "burtinvalid date",
    "profile": {
      "index": 68,
      "name": "Burt Stewart",
      "age": "25",
      "country": "Wallis and Futuna Islands",
      "picture": "http://placehold.it/32x32/picture/burt_stewart/68",
      "email": "burt_stewart@heli.com",
      "phone": "+101.72234",
      "name_Helipaddy": "Angelina ",
      "expertise": "professional",
      "Trip_price": "$31.06",
      "number_of_trips": 2
    },
    "trip": {
      "time_to_go": "2022-03-16T01:17:02.493Z",
      "go_to": "Wiscon",
      "flying_hours": 1,
      "number_of_passengers": 0,
      "Quality": "Good"
    }
  },
  {
    "id": "62389c70fe5e532f37963ef5",
    "email": "pollard_petty@heli.com",
    "username": "pollard47",
    "profile": {
      "index": 69,
      "name": "Pollard Petty",
      "age": "47",
      "country": "Chad",
      "picture": "http://placehold.it/32x32/picture/pollard_petty/69",
      "email": "pollard_petty@heli.com",
      "phone": "+67.70351",
      "name_Helipaddy": "Audra ",
      "expertise": "Beginner",
      "Trip_price": "$107.35",
      "number_of_trips": 48
    },
    "trip": {
      "time_to_go": "2021-05-19T21:00:50.019Z",
      "go_to": "Cotopaxi",
      "flying_hours": 6,
      "number_of_passengers": 3,
      "Quality": "Normal"
    }
  },
  {
    "id": "62389c70b08a2865a4f6b41f",
    "email": "joanne_mcmillan@heli.com",
    "username": "joanne39",
    "profile": {
      "index": 70,
      "name": "Joanne Mcmillan",
      "age": "39",
      "country": "Macau",
      "picture": "http://placehold.it/32x32/picture/joanne_mcmillan/70",
      "email": "joanne_mcmillan@heli.com",
      "phone": "+32.60153",
      "name_Helipaddy": "Kimberly ",
      "expertise": "Beginner",
      "Trip_price": "$117.95",
      "number_of_trips": 47
    },
    "trip": {
      "time_to_go": "2021-08-14T10:45:47.028Z",
      "go_to": "Greer",
      "flying_hours": 9,
      "number_of_passengers": 6,
      "Quality": "Bad"
    }
  },
  {
    "id": "62389c7070d259925fcdf1ee",
    "email": "padilla_pugh@heli.com",
    "username": "padilla44",
    "profile": {
      "index": 71,
      "name": "Padilla Pugh",
      "age": "44",
      "country": "Benin",
      "picture": "http://placehold.it/32x32/picture/padilla_pugh/71",
      "email": "padilla_pugh@heli.com",
      "phone": "+103.06743",
      "name_Helipaddy": "Denise ",
      "expertise": "Beginner",
      "Trip_price": "$101.57",
      "number_of_trips": 28
    },
    "trip": {
      "time_to_go": "2021-04-21T08:39:50.767Z",
      "go_to": "Lindisfarne",
      "flying_hours": 8,
      "number_of_passengers": 1,
      "Quality": "Normal"
    }
  },
  {
    "id": "62389c7064bc7bf4887b19d8",
    "email": "shauna_wong@heli.com",
    "username": "shaunainvalid date",
    "profile": {
      "index": 72,
      "name": "Shauna Wong",
      "age": "22",
      "country": "Martinique",
      "picture": "http://placehold.it/32x32/picture/shauna_wong/72",
      "email": "shauna_wong@heli.com",
      "phone": "+38.78213",
      "name_Helipaddy": "Reese ",
      "expertise": "Beginner",
      "Trip_price": "$76.89",
      "number_of_trips": 36
    },
    "trip": {
      "time_to_go": "2020-07-25T01:38:47.816Z",
      "go_to": "Caledonia",
      "flying_hours": 6,
      "number_of_passengers": 5,
      "Quality": "Good"
    }
  },
  {
    "id": "62389c70039437aa318783c8",
    "email": "regina_pittman@heli.com",
    "username": "reginainvalid date",
    "profile": {
      "index": 73,
      "name": "Regina Pittman",
      "age": "20",
      "country": "Saint Lucia",
      "picture": "http://placehold.it/32x32/picture/regina_pittman/73",
      "email": "regina_pittman@heli.com",
      "phone": "+107.08361",
      "name_Helipaddy": "Ann ",
      "expertise": "Beginner",
      "Trip_price": "$96.12",
      "number_of_trips": 25
    },
    "trip": {
      "time_to_go": "2021-02-05T06:49:43.773Z",
      "go_to": "Camino",
      "flying_hours": 5,
      "number_of_passengers": 4,
      "Quality": "Good"
    }
  },
  {
    "id": "62389c7056bcda1506a85dcc",
    "email": "lamb_bowers@heli.com",
    "username": "lamb60",
    "profile": {
      "index": 74,
      "name": "Lamb Bowers",
      "age": "60",
      "country": "Namibia",
      "picture": "http://placehold.it/32x32/picture/lamb_bowers/74",
      "email": "lamb_bowers@heli.com",
      "phone": "+95.73877",
      "name_Helipaddy": "Jodi ",
      "expertise": "Beginner",
      "Trip_price": "$118.08",
      "number_of_trips": 40
    },
    "trip": {
      "time_to_go": "2022-08-16T06:17:22.613Z",
      "go_to": "Moscow",
      "flying_hours": 2,
      "number_of_passengers": 3,
      "Quality": "Normal"
    }
  },
  {
    "id": "62389c704e127792745d6487",
    "email": "hogan_fowler@heli.com",
    "username": "hogan45",
    "profile": {
      "index": 75,
      "name": "Hogan Fowler",
      "age": "45",
      "country": "New Caledonia",
      "picture": "http://placehold.it/32x32/picture/hogan_fowler/75",
      "email": "hogan_fowler@heli.com",
      "phone": "+104.43710",
      "name_Helipaddy": "Mcdonald ",
      "expertise": "Beginner",
      "Trip_price": "$94.71",
      "number_of_trips": 6
    },
    "trip": {
      "time_to_go": "2020-07-12T15:18:15.921Z",
      "go_to": "Colton",
      "flying_hours": 8,
      "number_of_passengers": 2,
      "Quality": "Normal"
    }
  },
  {
    "id": "62389c7053159fe61e647525",
    "email": "acevedo_cline@heli.com",
    "username": "acevedo46",
    "profile": {
      "index": 76,
      "name": "Acevedo Cline",
      "age": "46",
      "country": "Turks and Caicos Islands",
      "picture": "http://placehold.it/32x32/picture/acevedo_cline/76",
      "email": "acevedo_cline@heli.com",
      "phone": "+67.86579",
      "name_Helipaddy": "Lola ",
      "expertise": "Beginner",
      "Trip_price": "$72.39",
      "number_of_trips": 30
    },
    "trip": {
      "time_to_go": "2021-04-13T21:51:04.415Z",
      "go_to": "Knowlton",
      "flying_hours": 9,
      "number_of_passengers": 6,
      "Quality": "Bad"
    }
  },
  {
    "id": "62389c70cea076ec9f46e441",
    "email": "knowles_conrad@heli.com",
    "username": "knowlesinvalid date",
    "profile": {
      "index": 77,
      "name": "Knowles Conrad",
      "age": "28",
      "country": "Bosnia and Herzegovina",
      "picture": "http://placehold.it/32x32/picture/knowles_conrad/77",
      "email": "knowles_conrad@heli.com",
      "phone": "+109.70873",
      "name_Helipaddy": "Jane ",
      "expertise": "Beginner",
      "Trip_price": "$65.27",
      "number_of_trips": 0
    },
    "trip": {
      "time_to_go": "2020-05-21T04:46:22.233Z",
      "go_to": "Waterview",
      "flying_hours": 6,
      "number_of_passengers": 4,
      "Quality": "Bad"
    }
  },
  {
    "id": "62389c70b1eb6ae17946fdde",
    "email": "angela_rutledge@heli.com",
    "username": "angela33",
    "profile": {
      "index": 78,
      "name": "Angela Rutledge",
      "age": "33",
      "country": "Slovenia",
      "picture": "http://placehold.it/32x32/picture/angela_rutledge/78",
      "email": "angela_rutledge@heli.com",
      "phone": "+46.30713",
      "name_Helipaddy": "Terrie ",
      "expertise": "professional",
      "Trip_price": "$40.84",
      "number_of_trips": 38
    },
    "trip": {
      "time_to_go": "2020-09-29T07:13:47.111Z",
      "go_to": "Cataract",
      "flying_hours": 4,
      "number_of_passengers": 6,
      "Quality": "Good"
    }
  },
  {
    "id": "62389c70a12f82fc30a876cb",
    "email": "hinton_serrano@heli.com",
    "username": "hintoninvalid date",
    "profile": {
      "index": 79,
      "name": "Hinton Serrano",
      "age": "23",
      "country": "Pakistan",
      "picture": "http://placehold.it/32x32/picture/hinton_serrano/79",
      "email": "hinton_serrano@heli.com",
      "phone": "+108.23410",
      "name_Helipaddy": "Huff ",
      "expertise": "Beginner",
      "Trip_price": "$109.48",
      "number_of_trips": 12
    },
    "trip": {
      "time_to_go": "2022-04-28T03:33:38.938Z",
      "go_to": "Bordelonville",
      "flying_hours": 4,
      "number_of_passengers": 2,
      "Quality": "Good"
    }
  },
  {
    "id": "62389c700e8e154c4c9d7554",
    "email": "dixie_sanders@heli.com",
    "username": "dixie34",
    "profile": {
      "index": 80,
      "name": "Dixie Sanders",
      "age": "34",
      "country": "Hong Kong",
      "picture": "http://placehold.it/32x32/picture/dixie_sanders/80",
      "email": "dixie_sanders@heli.com",
      "phone": "+41.57548",
      "name_Helipaddy": "Puckett ",
      "expertise": "Beginner",
      "Trip_price": "$68.01",
      "number_of_trips": 40
    },
    "trip": {
      "time_to_go": "2022-05-24T04:04:43.792Z",
      "go_to": "Franklin",
      "flying_hours": 9,
      "number_of_passengers": 0,
      "Quality": "Normal"
    }
  },
  {
    "id": "62389c709094719b061a9eae",
    "email": "donovan_bryant@heli.com",
    "username": "donovan42",
    "profile": {
      "index": 81,
      "name": "Donovan Bryant",
      "age": "42",
      "country": "Mongolia",
      "picture": "http://placehold.it/32x32/picture/donovan_bryant/81",
      "email": "donovan_bryant@heli.com",
      "phone": "+108.73599",
      "name_Helipaddy": "Myra ",
      "expertise": "professional",
      "Trip_price": "$39.48",
      "number_of_trips": 19
    },
    "trip": {
      "time_to_go": "2022-05-15T23:39:02.089Z",
      "go_to": "Bannock",
      "flying_hours": 8,
      "number_of_passengers": 1,
      "Quality": "Normal"
    }
  },
  {
    "id": "62389c700d2929e29659858a",
    "email": "bettye_page@heli.com",
    "username": "bettye53",
    "profile": {
      "index": 82,
      "name": "Bettye Page",
      "age": "53",
      "country": "Yemen",
      "picture": "http://placehold.it/32x32/picture/bettye_page/82",
      "email": "bettye_page@heli.com",
      "phone": "+79.71375",
      "name_Helipaddy": "Madelyn ",
      "expertise": "professional",
      "Trip_price": "$56.18",
      "number_of_trips": 13
    },
    "trip": {
      "time_to_go": "2022-02-07T21:41:56.795Z",
      "go_to": "Diaperville",
      "flying_hours": 3,
      "number_of_passengers": 0,
      "Quality": "Good"
    }
  },
  {
    "id": "62389c708487d6284b4c1764",
    "email": "beth_riley@heli.com",
    "username": "bethinvalid date",
    "profile": {
      "index": 83,
      "name": "Beth Riley",
      "age": "26",
      "country": "Madagascar",
      "picture": "http://placehold.it/32x32/picture/beth_riley/83",
      "email": "beth_riley@heli.com",
      "phone": "+72.99599",
      "name_Helipaddy": "Becky ",
      "expertise": "Beginner",
      "Trip_price": "$108.55",
      "number_of_trips": 45
    },
    "trip": {
      "time_to_go": "2022-11-14T20:31:33.453Z",
      "go_to": "Cartwright",
      "flying_hours": 3,
      "number_of_passengers": 5,
      "Quality": "Bad"
    }
  },
  {
    "id": "62389c70c94a867bf1939508",
    "email": "mccarty_wood@heli.com",
    "username": "mccartyinvalid date",
    "profile": {
      "index": 84,
      "name": "Mccarty Wood",
      "age": "21",
      "country": "Northern Mariana Islands",
      "picture": "http://placehold.it/32x32/picture/mccarty_wood/84",
      "email": "mccarty_wood@heli.com",
      "phone": "+98.30824",
      "name_Helipaddy": "Ratliff ",
      "expertise": "Beginner",
      "Trip_price": "$118.35",
      "number_of_trips": 25
    },
    "trip": {
      "time_to_go": "2022-08-22T03:22:08.795Z",
      "go_to": "Snowville",
      "flying_hours": 4,
      "number_of_passengers": 0,
      "Quality": "Normal"
    }
  },
  {
    "id": "62389c702e44d9e16caadb1f",
    "email": "mattie_bauer@heli.com",
    "username": "mattie52",
    "profile": {
      "index": 85,
      "name": "Mattie Bauer",
      "age": "52",
      "country": "Kenya",
      "picture": "http://placehold.it/32x32/picture/mattie_bauer/85",
      "email": "mattie_bauer@heli.com",
      "phone": "+63.86076",
      "name_Helipaddy": "Margarita ",
      "expertise": "professional",
      "Trip_price": "$85.35",
      "number_of_trips": 22
    },
    "trip": {
      "time_to_go": "2020-11-20T09:37:51.823Z",
      "go_to": "Marbury",
      "flying_hours": 7,
      "number_of_passengers": 5,
      "Quality": "Bad"
    }
  },
  {
    "id": "62389c70968cf1fcb49312ee",
    "email": "autumn_kline@heli.com",
    "username": "autumninvalid date",
    "profile": {
      "index": 86,
      "name": "Autumn Kline",
      "age": "23",
      "country": "Angola",
      "picture": "http://placehold.it/32x32/picture/autumn_kline/86",
      "email": "autumn_kline@heli.com",
      "phone": "+110.91124",
      "name_Helipaddy": "Joy ",
      "expertise": "professional",
      "Trip_price": "$63.22",
      "number_of_trips": 10
    },
    "trip": {
      "time_to_go": "2020-04-04T20:38:58.739Z",
      "go_to": "Fivepointville",
      "flying_hours": 1,
      "number_of_passengers": 5,
      "Quality": "Normal"
    }
  },
  {
    "id": "62389c704d52f4b4cd9d5761",
    "email": "bonnie_sandoval@heli.com",
    "username": "bonnie49",
    "profile": {
      "index": 87,
      "name": "Bonnie Sandoval",
      "age": "49",
      "country": "Micronesia",
      "picture": "http://placehold.it/32x32/picture/bonnie_sandoval/87",
      "email": "bonnie_sandoval@heli.com",
      "phone": "+101.11621",
      "name_Helipaddy": "Sarah ",
      "expertise": "professional",
      "Trip_price": "$105.41",
      "number_of_trips": 40
    },
    "trip": {
      "time_to_go": "2021-09-14T01:38:43.954Z",
      "go_to": "Cumberland",
      "flying_hours": 5,
      "number_of_passengers": 1,
      "Quality": "Normal"
    }
  },
  {
    "id": "62389c70babb813f6ef72ec9",
    "email": "jessie_torres@heli.com",
    "username": "jessie41",
    "profile": {
      "index": 88,
      "name": "Jessie Torres",
      "age": "41",
      "country": "Argentina",
      "picture": "http://placehold.it/32x32/picture/jessie_torres/88",
      "email": "jessie_torres@heli.com",
      "phone": "+104.98373",
      "name_Helipaddy": "Goldie ",
      "expertise": "professional",
      "Trip_price": "$80.23",
      "number_of_trips": 0
    },
    "trip": {
      "time_to_go": "2020-09-11T14:45:06.918Z",
      "go_to": "Morningside",
      "flying_hours": 9,
      "number_of_passengers": 5,
      "Quality": "Bad"
    }
  },
  {
    "id": "62389c70671449e8c88d61b4",
    "email": "iris_rios@heli.com",
    "username": "iris42",
    "profile": {
      "index": 89,
      "name": "Iris Rios",
      "age": "42",
      "country": "Christmas Island",
      "picture": "http://placehold.it/32x32/picture/iris_rios/89",
      "email": "iris_rios@heli.com",
      "phone": "+117.66300",
      "name_Helipaddy": "Evelyn ",
      "expertise": "professional",
      "Trip_price": "$79.38",
      "number_of_trips": 25
    },
    "trip": {
      "time_to_go": "2020-01-31T14:48:55.292Z",
      "go_to": "Lawrence",
      "flying_hours": 6,
      "number_of_passengers": 6,
      "Quality": "Bad"
    }
  },
  {
    "id": "62389c70cc42e56a4302aa04",
    "email": "fay_chase@heli.com",
    "username": "fay34",
    "profile": {
      "index": 90,
      "name": "Fay Chase",
      "age": "34",
      "country": "Bahrain",
      "picture": "http://placehold.it/32x32/picture/fay_chase/90",
      "email": "fay_chase@heli.com",
      "phone": "+47.14369",
      "name_Helipaddy": "Howard ",
      "expertise": "professional",
      "Trip_price": "$64.85",
      "number_of_trips": 7
    },
    "trip": {
      "time_to_go": "2022-09-18T21:57:39.102Z",
      "go_to": "Roosevelt",
      "flying_hours": 5,
      "number_of_passengers": 5,
      "Quality": "Good"
    }
  },
  {
    "id": "62389c700444c3c41c77a97a",
    "email": "davidson_hebert@heli.com",
    "username": "davidsoninvalid date",
    "profile": {
      "index": 91,
      "name": "Davidson Hebert",
      "age": "29",
      "country": "Kyrgyzstan",
      "picture": "http://placehold.it/32x32/picture/davidson_hebert/91",
      "email": "davidson_hebert@heli.com",
      "phone": "+35.20734",
      "name_Helipaddy": "Tyson ",
      "expertise": "professional",
      "Trip_price": "$99.22",
      "number_of_trips": 0
    },
    "trip": {
      "time_to_go": "2022-07-02T13:50:50.381Z",
      "go_to": "Helen",
      "flying_hours": 2,
      "number_of_passengers": 0,
      "Quality": "Good"
    }
  },
  {
    "id": "62389c70d41cf80308ca3812",
    "email": "mallory_sellers@heli.com",
    "username": "mallory49",
    "profile": {
      "index": 92,
      "name": "Mallory Sellers",
      "age": "49",
      "country": "Libya",
      "picture": "http://placehold.it/32x32/picture/mallory_sellers/92",
      "email": "mallory_sellers@heli.com",
      "phone": "+97.90570",
      "name_Helipaddy": "Lindsey ",
      "expertise": "Beginner",
      "Trip_price": "$95.07",
      "number_of_trips": 11
    },
    "trip": {
      "time_to_go": "2021-11-10T16:48:53.124Z",
      "go_to": "Ripley",
      "flying_hours": 4,
      "number_of_passengers": 3,
      "Quality": "Bad"
    }
  },
  {
    "id": "62389c703af1fa8ea00a3667",
    "email": "snider_warner@heli.com",
    "username": "snider51",
    "profile": {
      "index": 93,
      "name": "Snider Warner",
      "age": "51",
      "country": "Australia",
      "picture": "http://placehold.it/32x32/picture/snider_warner/93",
      "email": "snider_warner@heli.com",
      "phone": "+75.76702",
      "name_Helipaddy": "Francine ",
      "expertise": "Beginner",
      "Trip_price": "$42.68",
      "number_of_trips": 37
    },
    "trip": {
      "time_to_go": "2021-04-06T09:30:57.198Z",
      "go_to": "Whitewater",
      "flying_hours": 7,
      "number_of_passengers": 6,
      "Quality": "Good"
    }
  },
  {
    "id": "62389c70d638412bf7a6ae47",
    "email": "sofia_bullock@heli.com",
    "username": "sofiainvalid date",
    "profile": {
      "index": 94,
      "name": "Sofia Bullock",
      "age": "23",
      "country": "Uzbekistan",
      "picture": "http://placehold.it/32x32/picture/sofia_bullock/94",
      "email": "sofia_bullock@heli.com",
      "phone": "+78.08763",
      "name_Helipaddy": "Baldwin ",
      "expertise": "professional",
      "Trip_price": "$104.53",
      "number_of_trips": 49
    },
    "trip": {
      "time_to_go": "2022-05-06T22:32:31.281Z",
      "go_to": "Curtice",
      "flying_hours": 2,
      "number_of_passengers": 6,
      "Quality": "Normal"
    }
  },
  {
    "id": "62389c705478d3b9b4a706fb",
    "email": "dena_mccormick@heli.com",
    "username": "dena49",
    "profile": {
      "index": 95,
      "name": "Dena Mccormick",
      "age": "49",
      "country": "Suriname",
      "picture": "http://placehold.it/32x32/picture/dena_mccormick/95",
      "email": "dena_mccormick@heli.com",
      "phone": "+99.20938",
      "name_Helipaddy": "Tisha ",
      "expertise": "professional",
      "Trip_price": "$86.83",
      "number_of_trips": 38
    },
    "trip": {
      "time_to_go": "2020-07-07T02:07:02.179Z",
      "go_to": "Kingstowne",
      "flying_hours": 0,
      "number_of_passengers": 1,
      "Quality": "Good"
    }
  },
  {
    "id": "62389c7011cabb45954d81de",
    "email": "reilly_bartlett@heli.com",
    "username": "reilly36",
    "profile": {
      "index": 96,
      "name": "Reilly Bartlett",
      "age": "36",
      "country": "Cameroon",
      "picture": "http://placehold.it/32x32/picture/reilly_bartlett/96",
      "email": "reilly_bartlett@heli.com",
      "phone": "+112.28506",
      "name_Helipaddy": "Duke ",
      "expertise": "Beginner",
      "Trip_price": "$60.68",
      "number_of_trips": 47
    },
    "trip": {
      "time_to_go": "2021-06-19T22:46:28.511Z",
      "go_to": "Fingerville",
      "flying_hours": 5,
      "number_of_passengers": 5,
      "Quality": "Bad"
    }
  },
  {
    "id": "62389c70320a2e5a540827ce",
    "email": "helene_maxwell@heli.com",
    "username": "heleneinvalid date",
    "profile": {
      "index": 97,
      "name": "Helene Maxwell",
      "age": "20",
      "country": "Czech Republic",
      "picture": "http://placehold.it/32x32/picture/helene_maxwell/97",
      "email": "helene_maxwell@heli.com",
      "phone": "+76.25931",
      "name_Helipaddy": "Ewing ",
      "expertise": "Beginner",
      "Trip_price": "$33.87",
      "number_of_trips": 41
    },
    "trip": {
      "time_to_go": "2021-12-18T08:24:01.840Z",
      "go_to": "Shaft",
      "flying_hours": 7,
      "number_of_passengers": 1,
      "Quality": "Good"
    }
  },
  {
    "id": "62389c70272acb31910523a0",
    "email": "rush_cherry@heli.com",
    "username": "rushinvalid date",
    "profile": {
      "index": 98,
      "name": "Rush Cherry",
      "age": "29",
      "country": "Gibraltar",
      "picture": "http://placehold.it/32x32/picture/rush_cherry/98",
      "email": "rush_cherry@heli.com",
      "phone": "+72.98423",
      "name_Helipaddy": "Juana ",
      "expertise": "professional",
      "Trip_price": "$96.64",
      "number_of_trips": 24
    },
    "trip": {
      "time_to_go": "2021-03-31T04:01:42.266Z",
      "go_to": "Vallonia",
      "flying_hours": 3,
      "number_of_passengers": 6,
      "Quality": "Good"
    }
  },
  {
    "id": "62389c702a75c31595fa7e8b",
    "email": "marietta_cleveland@heli.com",
    "username": "mariettainvalid date",
    "profile": {
      "index": 99,
      "name": "Marietta Cleveland",
      "age": "20",
      "country": "Belarus",
      "picture": "http://placehold.it/32x32/picture/marietta_cleveland/99",
      "email": "marietta_cleveland@heli.com",
      "phone": "+53.78896",
      "name_Helipaddy": "Selena ",
      "expertise": "professional",
      "Trip_price": "$80.82",
      "number_of_trips": 14
    },
    "trip": {
      "time_to_go": "2021-12-28T22:50:11.729Z",
      "go_to": "Layhill",
      "flying_hours": 8,
      "number_of_passengers": 1,
      "Quality": "Normal"
    }
  }
]
